<?xml version="1.0" encoding="UTF-8"?>
<con:soapui-project id="7c0158c1-28eb-4dfd-9b59-f6fead08b2c8" created="3.30.0" activeEnvironment="Default environment" name="REST API Final Project" updated="3.30.0 2022-03-16T13:04:41Z" encryptionMode="Not encrypted" xmlns:con="http://eviware.com/soapui/config">
  <con:settings>
    <con:setting id="com.eviware.soapui.impl.wsdl.actions.iface.tools.soapui.ProTestRunnerAction@values-local"><![CDATA[<xml-fragment xmlns:con="http://eviware.com/soapui/config">
  <con:entry key="Settings File Password" value=""/>
  <con:entry key="Report Format(s)" value="HTML"/>
  <con:entry key="Host:Port" value=""/>
  <con:entry key="Export JUnit Results" value="true"/>
  <con:entry key="Export All" value="true"/>
  <con:entry key="Save After" value="false"/>
  <con:entry key="Slack Channel(s)" value=""/>
  <con:entry key="Add Settings" value="false"/>
  <con:entry key="WSS Password Type" value=""/>
  <con:entry key="Endpoint" value=""/>
  <con:entry key="Test Suite Tags" value=""/>
  <con:entry key="Select Report Type" value="Test case printable report"/>
  <con:entry key="System Properties" value=""/>
  <con:entry key="Test Suite" value="https://api.github.com Test Suite"/>
  <con:entry key="Run in-process" value="false"/>
  <con:entry key="Password" value=""/>
  <con:entry key="Print Report" value="true"/>
  <con:entry key="Open Report" value="false"/>
  <con:entry key="Test Case Tags" value=""/>
  <con:entry key="Export JUnit Results with test properties" value="false"/>
  <con:entry key="Global Properties" value=""/>
  <con:entry key="Project Properties" value=""/>
  <con:entry key="Test Case" value="Test Case"/>
  <con:entry key="Slack Access Token" value=""/>
  <con:entry key="Project Password" value=""/>
  <con:entry key="Username" value=""/>
  <con:entry key="TestRunner Path" value="C:\Program Files\SmartBear\ReadyAPI-3.30.0\bin"/>
  <con:entry key="Environment" value="No Environment"/>
  <con:entry key="Coverage Report" value="false"/>
  <con:entry key="Enable UI" value="false"/>
  <con:entry key="Root Folder" value="C:\Users\MadhaviMetkari\IdeaProjects\FST_API\GITHUB_activity"/>
  <con:entry key="Ignore Errors" value="false"/>
  <con:entry key="Domain" value=""/>
  <con:entry key="Tool Args" value=""/>
  <con:entry key="Save Project" value="false"/>
</xml-fragment>]]></con:setting>
  </con:settings>
  <con:interface xsi:type="con:RestService" id="06a31991-b25a-4934-8bc0-71f8c1a9ee95" wadlVersion="http://wadl.dev.java.net/2009/02" name="https://api.github.com" type="rest" xmlns:xsi="http://www.w3.org/2001/XMLSchema-instance">
    <con:settings/>
    <con:definitionCache type="TEXT" rootPart=""/>
    <con:endpoints>
      <con:endpoint>https://api.github.com</con:endpoint>
    </con:endpoints>
    <con:resource name="Emails" path="/user/emails" id="f3912c14-2341-4654-b24d-6bf89f667813">
      <con:settings/>
      <con:parameters/>
      <con:method name="Emails" id="d4c57836-00b3-4fa0-855e-8c0af9d3ad8e" method="GET">
        <con:settings/>
        <con:parameters/>
        <con:representation type="RESPONSE">
          <con:mediaType>application/json; charset=utf-8</con:mediaType>
          <con:status>200</con:status>
          <con:params/>
          <con:element>Response</con:element>
        </con:representation>
        <con:request name="Request 1" id="d531cbb6-3ce5-4907-bbf7-9c678a00b014" mediaType="application/json">
          <con:settings>
            <con:setting id="com.eviware.soapui.impl.wsdl.WsdlRequest@request-headers">&lt;xml-fragment/></con:setting>
          </con:settings>
          <con:endpoint>https://api.github.com</con:endpoint>
          <con:request/>
          <con:credentials>
            <con:selectedAuthProfile>No Authorization</con:selectedAuthProfile>
            <con:authType>No Authorization</con:authType>
          </con:credentials>
          <con:jmsConfig JMSDeliveryMode="PERSISTENT"/>
          <con:parameters/>
          <con:parameterOrder/>
        </con:request>
      </con:method>
    </con:resource>
    <con:resource name="Keys" path="/user/keys" id="8dcb47e4-05b7-4e4f-b757-a00d089d4cd8">
      <con:settings/>
      <con:parameters/>
      <con:method name="Keys" id="77b86012-65c0-4d7e-8606-4b3ad256d36c" method="POST">
        <con:settings/>
        <con:parameters/>
        <con:representation type="RESPONSE">
          <con:mediaType>application/json; charset=utf-8</con:mediaType>
          <con:status>201</con:status>
          <con:params/>
          <con:element xmlns:keys="https://api.github.com/user/keys">keys:Response</con:element>
        </con:representation>
        <con:representation type="REQUEST">
          <con:mediaType>application/json</con:mediaType>
          <con:params/>
        </con:representation>
        <con:representation type="FAULT">
          <con:mediaType>application/json; charset=utf-8</con:mediaType>
          <con:status>422</con:status>
          <con:params/>
          <con:element xmlns:keys="https://api.github.com/user/keys">keys:Fault</con:element>
        </con:representation>
        <con:request name="Request 1" id="34aea0dd-8dae-438e-a933-61b5488a4016" mediaType="application/json">
          <con:settings/>
          <con:endpoint>https://api.github.com</con:endpoint>
          <con:credentials>
            <con:selectedAuthProfile>No Authorization</con:selectedAuthProfile>
            <con:authType>No Authorization</con:authType>
          </con:credentials>
          <con:parameters/>
        </con:request>
      </con:method>
    </con:resource>
    <con:resource name="KeyID" path="/user/keys/{keyID}" id="8b87b4b8-bb9e-412a-961b-bab3a481c77f">
      <con:settings/>
      <con:parameters/>
      <con:method name="KeyID" id="af287df9-218a-459f-9037-1ad9a1bb2737" method="DELETE">
        <con:settings/>
        <con:parameters>
          <con:parameter required="true">
            <con:name>keyID</con:name>
            <con:value>keyID</con:value>
            <con:style>TEMPLATE</con:style>
            <con:default>keyID</con:default>
            <con:path xsi:nil="true"/>
            <con:description xsi:nil="true"/>
          </con:parameter>
        </con:parameters>
        <con:representation type="REQUEST">
          <con:mediaType>application/json</con:mediaType>
          <con:params/>
        </con:representation>
        <con:representation type="FAULT">
          <con:mediaType>application/json; charset=utf-8</con:mediaType>
          <con:status>404</con:status>
          <con:params/>
          <con:element xmlns:key="https://api.github.com/user/keys/keyID">key:Fault</con:element>
        </con:representation>
        <con:representation type="RESPONSE">
          <con:mediaType xsi:nil="true"/>
          <con:status>204</con:status>
          <con:params/>
          <con:element>data</con:element>
        </con:representation>
        <con:request name="Request 1" id="b4e80551-884c-4a3a-9f59-7de7011a4508" mediaType="application/json">
          <con:settings/>
          <con:endpoint>https://api.github.com</con:endpoint>
          <con:credentials>
            <con:selectedAuthProfile>No Authorization</con:selectedAuthProfile>
            <con:authType>No Authorization</con:authType>
          </con:credentials>
          <con:parameters>
            <con:entry key="keyID" value="keyID"/>
          </con:parameters>
          <con:parameterOrder>
            <con:entry>keyID</con:entry>
          </con:parameterOrder>
        </con:request>
      </con:method>
    </con:resource>
  </con:interface>
  <con:testSuite id="55a2650c-017b-4e2c-bba6-20a5f70d876f" name="https://api.github.com Test Suite">
    <con:settings/>
    <con:runType>SEQUENTIAL</con:runType>
    <con:testCase id="1432c4b6-b67d-4845-959f-4375bb9c6268" discardOkResults="false" failOnError="true" failTestCaseOnErrors="true" keepSession="false" name="Test Case" searchProperties="true" timeout="0">
      <con:settings/>
      <con:testStep type="restrequest" name="GETRequest" id="f1833d29-42b9-4525-b66f-ddc31bb44c12">
        <con:settings/>
        <con:config service="https://api.github.com" resourcePath="/user/emails" methodName="Emails" xsi:type="con:RestRequestStep" xmlns:xsi="http://www.w3.org/2001/XMLSchema-instance">
          <con:restRequest name="GETRequest" id="d531cbb6-3ce5-4907-bbf7-9c678a00b014" mediaType="application/json">
            <con:settings>
              <con:setting id="com.eviware.soapui.impl.wsdl.WsdlRequest@request-headers">&lt;xml-fragment/></con:setting>
            </con:settings>
            <con:endpoint>https://api.github.com</con:endpoint>
            <con:request/>
            <con:originalUri>https://api.github.com/user/emails</con:originalUri>
            <con:assertion type="Valid HTTP Status Codes" id="d4cc2854-90d7-4f30-aca9-e2b8b41a4639" name="Valid HTTP Status Codes">
              <con:settings/>
              <con:configuration>
                <codes>200</codes>
              </con:configuration>
            </con:assertion>
            <con:credentials>
              <con:selectedAuthProfile>Server101</con:selectedAuthProfile>
              <con:authType>No Authorization</con:authType>
            </con:credentials>
            <con:jmsConfig JMSDeliveryMode="PERSISTENT"/>
            <con:parameters/>
            <con:parameterOrder/>
          </con:restRequest>
        </con:config>
      </con:testStep>
      <con:testStep type="restrequest" name="POSTRequest" id="37e56176-fe4f-45c4-a9ba-9b60842da236">
        <con:settings/>
        <con:config service="https://api.github.com" resourcePath="/user/keys" methodName="Keys" xsi:type="con:RestRequestStep" xmlns:xsi="http://www.w3.org/2001/XMLSchema-instance">
          <con:restRequest name="POSTRequest" id="34aea0dd-8dae-438e-a933-61b5488a4016" mediaType="application/json" postQueryString="false">
            <con:settings>
              <con:setting id="com.eviware.soapui.impl.wsdl.WsdlRequest@request-headers">&lt;xml-fragment/></con:setting>
            </con:settings>
            <con:endpoint>https://api.github.com</con:endpoint>
            <con:request>{
	"title": "TestKey",
	"key": "ssh-ed25519 AAAAC3NzaC1lZDI1NTE5AAAAIFPcahWR423cdC7Ncj9ZY4RtWAPNWA/UhjbcXUP2FiRh"
}</con:request>
            <con:originalUri>https://api.github.com/user/keys</con:originalUri>
            <con:assertion type="Valid HTTP Status Codes" id="e23ad774-11e0-47e9-a8a5-fbd9d90f7d46" name="Valid HTTP Status Codes">
              <con:settings/>
              <con:configuration>
                <codes>201</codes>
              </con:configuration>
            </con:assertion>
            <con:credentials>
              <con:selectedAuthProfile>Server101</con:selectedAuthProfile>
              <con:authType>No Authorization</con:authType>
            </con:credentials>
            <con:jmsConfig JMSDeliveryMode="PERSISTENT"/>
            <con:parameters/>
          </con:restRequest>
        </con:config>
      </con:testStep>
      <con:testStep type="transfer" name="PropertyTransfer 1" id="b01985e1-563f-4088-9987-496617514d15">
        <con:settings/>
        <con:config xsi:type="con:PropertyTransfersStep" xmlns:xsi="http://www.w3.org/2001/XMLSchema-instance">
          <con:transfers setNullOnMissingSource="true" transferTextContent="true" failOnError="true" ignoreEmpty="false" transferToAll="false" entitize="false" transferChildNodes="false">
            <con:name>id</con:name>
            <con:sourceType>Response</con:sourceType>
            <con:sourceStep>POSTRequest</con:sourceStep>
            <con:sourcePath>$['id']</con:sourcePath>
            <con:targetType>keyID</con:targetType>
            <con:targetStep>DELETERequest</con:targetStep>
            <con:targetPath/>
            <con:type>JSONPATH</con:type>
            <con:upgraded>true</con:upgraded>
          </con:transfers>
        </con:config>
      </con:testStep>
      <con:testStep type="restrequest" name="DELETERequest" id="22c51f7e-08aa-4097-bfe2-294191ce4930">
        <con:settings/>
        <con:config service="https://api.github.com" resourcePath="/user/keys/{keyID}" methodName="KeyID" xsi:type="con:RestRequestStep" xmlns:xsi="http://www.w3.org/2001/XMLSchema-instance">
          <con:restRequest name="DELETERequest" id="b4e80551-884c-4a3a-9f59-7de7011a4508" mediaType="application/json" postQueryString="false">
            <con:settings>
              <con:setting id="com.eviware.soapui.impl.wsdl.WsdlRequest@request-headers">&lt;xml-fragment/></con:setting>
            </con:settings>
            <con:endpoint>https://api.github.com</con:endpoint>
            <con:request/>
            <con:originalUri>https://api.github.com/user/keys/keyID</con:originalUri>
            <con:assertion type="Valid HTTP Status Codes" id="200ee708-e018-4f58-a44e-b6eb2f8f7cd4" name="Valid HTTP Status Codes">
              <con:settings/>
              <con:configuration>
                <codes>204</codes>
              </con:configuration>
            </con:assertion>
            <con:credentials>
              <con:selectedAuthProfile>Server101</con:selectedAuthProfile>
              <con:authType>No Authorization</con:authType>
            </con:credentials>
            <con:jmsConfig JMSDeliveryMode="PERSISTENT"/>
            <con:parameters>
              <con:entry key="keyID" value="65172292"/>
            </con:parameters>
            <con:parameterOrder>
              <con:entry>keyID</con:entry>
            </con:parameterOrder>
          </con:restRequest>
        </con:config>
      </con:testStep>
      <con:properties/>
      <con:reportParameters/>
    </con:testCase>
    <con:properties/>
    <con:reportParameters/>
  </con:testSuite>
  <con:requirements/>
  <con:properties/>
  <con:wssContainer/>
  <con:databaseConnectionContainer/>
  <con:jmsConnectionContainer/>
  <con:oAuth2ProfileContainer>
    <con:oAuth2Profile>
      <con:name>Server101</con:name>
      <con:type>OAuth 2.0</con:type>
      <con:accessToken>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</con:accessToken>
      <con:accessTokenPosition>HEADER</con:accessTokenPosition>
      <con:accessTokenStatus>ENTERED_MANUALLY</con:accessTokenStatus>
      <con:accessTokenStartingStatus>ENTERED_MANUALLY</con:accessTokenStartingStatus>
      <con:oAuth2Flow>AUTHORIZATION_CODE_GRANT</con:oAuth2Flow>
      <con:refreshAccessTokenMethod>AUTOMATIC</con:refreshAccessTokenMethod>
      <con:jwtConfiguration/>
      <con:responseType>id_token</con:responseType>
    </con:oAuth2Profile>
  </con:oAuth2ProfileContainer>
  <con:oAuth1ProfileContainer/>
  <con:reporting>
    <con:reportTemplates/>
    <con:xmlTemplates/>
    <con:xmlTemplates/>
    <con:parameters/>
    <con:parameters/>
  </con:reporting>
  <con:reporting/>
  <con:eventHandlers type="RequestFilter.filterRequest" name="RequestFilter.filterRequest">
    <con:script>// Sample event script to add custom HTTP header to all outgoing REST, SOAP and HTTP(S) calls
// This code is often used for adding custom authentication to ReadyAPI functional tests

// If hardcoding the token, uncomment and change line 5
// token = '4567'

// If your token is parameterized in Project level custom property, uncomment line 8
// token = request.parent.testCase.testSuite.project.getProperty('auth_token').getValue()

// To modify all outgoing calls, remove comments from lines 11 to 16
// headers = request.requestHeaders
// if (headers.containsKey('auth_token2') == false) {
//   headers.put('auth_token2', token)
//   request.requestHeaders = headers
// }</con:script>
  </con:eventHandlers>
  <con:eventHandlers type="TestRunListener.afterStep" name="TestRunListener.afterStep">
    <con:script>// Save all test step results into files
// Change the directory path in line 5 to a location where you want to store details
// then uncomment lines 5 to 10

// filePath = 'C:\\tempOutputDirectory\\'
// fos = new java.io.FileOutputStream(filePath + testStepResult.testStep.label + '.txt', true)
// pw = new java.io.PrintWriter(fos)
// testStepResult.writeTo(pw)
// pw.close()
// fos.close()</con:script>
  </con:eventHandlers>
  <con:authRepository>
    <con:oAuth20AuthEntry>
      <con:name>Server101</con:name>
      <con:type>OAuth 2.0</con:type>
      <con:accessToken>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</con:accessToken>
      <con:accessTokenPosition>HEADER</con:accessTokenPosition>
      <con:accessTokenStatus>ENTERED_MANUALLY</con:accessTokenStatus>
      <con:accessTokenStartingStatus>ENTERED_MANUALLY</con:accessTokenStartingStatus>
      <con:oAuth2Flow>AUTHORIZATION_CODE_GRANT</con:oAuth2Flow>
      <con:refreshAccessTokenMethod>AUTOMATIC</con:refreshAccessTokenMethod>
      <con:jwtConfiguration/>
      <con:responseType>id_token</con:responseType>
    </con:oAuth20AuthEntry>
  </con:authRepository>
  <con:tags/>
</con:soapui-project>
